device,dim,error,input,library,peak_ram_mb,peak_vram_mb,pipeline,run,time
cpu,2,,image,augmed,0.02,0.0,crop+affine+minmax,1,0.0173
cpu,2,,image,augmed,0.02,0.0,crop+affine+minmax,2,0.0167
cpu,2,,image,augmed,0.02,0.0,crop+affine+minmax,3,0.0146
cpu,2,,image,augmed,0.02,0.0,crop+affine+minmax,4,0.0182
cpu,2,,image,augmed,0.02,0.0,crop+affine+minmax,5,0.0181
cpu,2,,image,augmed,0.02,0.0,crop+affine+minmax,6,0.0181
cpu,2,,image,augmed,0.02,0.0,crop+affine+minmax,7,0.0172
cpu,2,,image,augmed,0.02,0.0,crop+affine+minmax,8,0.0162
cpu,2,,image,augmed,0.02,0.0,crop+affine+minmax,9,0.0163
cpu,2,,image,augmed,0.01,0.0,crop+affine+minmax,10,0.0151
cpu,2,,image,monai,0.02,0.0,crop+affine+minmax,1,0.0096
cpu,2,,image,monai,0.02,0.0,crop+affine+minmax,2,0.0119
cpu,2,,image,monai,0.02,0.0,crop+affine+minmax,3,0.0075
cpu,2,,image,monai,0.02,0.0,crop+affine+minmax,4,0.0105
cpu,2,,image,monai,0.02,0.0,crop+affine+minmax,5,0.0107
cpu,2,,image,monai,0.02,0.0,crop+affine+minmax,6,0.0091
cpu,2,,image,monai,0.02,0.0,crop+affine+minmax,7,0.0186
cpu,2,,image,monai,0.02,0.0,crop+affine+minmax,8,0.0178
cpu,2,,image,monai,0.02,0.0,crop+affine+minmax,9,0.0104
cpu,2,,image,monai,0.02,0.0,crop+affine+minmax,10,0.011
cpu,2,,image,torchio,1.73,0.0,crop+affine+minmax,1,0.0583
cpu,2,,image,torchio,1.73,0.0,crop+affine+minmax,2,0.0548
cpu,2,,image,torchio,1.73,0.0,crop+affine+minmax,3,0.0572
cpu,2,,image,torchio,1.73,0.0,crop+affine+minmax,4,0.0579
cpu,2,,image,torchio,1.73,0.0,crop+affine+minmax,5,0.0573
cpu,2,,image,torchio,1.73,0.0,crop+affine+minmax,6,0.0558
cpu,2,,image,torchio,1.73,0.0,crop+affine+minmax,7,0.0554
cpu,2,,image,torchio,1.73,0.0,crop+affine+minmax,8,0.0559
cpu,2,,image,torchio,1.73,0.0,crop+affine+minmax,9,0.0824
cpu,2,,image,torchio,1.73,0.0,crop+affine+minmax,10,0.1051
cpu,2,,image-labels,augmed,0.02,0.0,crop+affine+minmax,1,0.0386
cpu,2,,image-labels,augmed,0.02,0.0,crop+affine+minmax,2,0.0209
cpu,2,,image-labels,augmed,0.02,0.0,crop+affine+minmax,3,0.0201
cpu,2,,image-labels,augmed,0.02,0.0,crop+affine+minmax,4,0.0189
cpu,2,,image-labels,augmed,0.02,0.0,crop+affine+minmax,5,0.016
cpu,2,,image-labels,augmed,0.02,0.0,crop+affine+minmax,6,0.0163
cpu,2,,image-labels,augmed,0.02,0.0,crop+affine+minmax,7,0.0201
cpu,2,,image-labels,augmed,0.02,0.0,crop+affine+minmax,8,0.0203
cpu,2,,image-labels,augmed,0.02,0.0,crop+affine+minmax,9,0.0191
cpu,2,,image-labels,augmed,0.02,0.0,crop+affine+minmax,10,0.0185
cpu,2,,image-labels,monai,0.03,0.0,crop+affine+minmax,1,0.0442
cpu,2,,image-labels,monai,0.03,0.0,crop+affine+minmax,2,0.0188
cpu,2,,image-labels,monai,0.03,0.0,crop+affine+minmax,3,0.016
cpu,2,,image-labels,monai,0.03,0.0,crop+affine+minmax,4,0.0144
cpu,2,,image-labels,monai,0.03,0.0,crop+affine+minmax,5,0.017
cpu,2,,image-labels,monai,0.03,0.0,crop+affine+minmax,6,0.016
cpu,2,,image-labels,monai,0.03,0.0,crop+affine+minmax,7,0.0189
cpu,2,,image-labels,monai,0.03,0.0,crop+affine+minmax,8,0.0621
cpu,2,,image-labels,monai,0.03,0.0,crop+affine+minmax,9,0.0159
cpu,2,,image-labels,monai,0.03,0.0,crop+affine+minmax,10,0.0176
cpu,2,,image-labels,torchio,1.73,0.0,crop+affine+minmax,1,0.3419
cpu,2,,image-labels,torchio,1.73,0.0,crop+affine+minmax,2,0.2919
cpu,2,,image-labels,torchio,1.73,0.0,crop+affine+minmax,3,0.2896
cpu,2,,image-labels,torchio,1.73,0.0,crop+affine+minmax,4,0.4952
cpu,2,,image-labels,torchio,1.73,0.0,crop+affine+minmax,5,0.2759
cpu,2,,image-labels,torchio,1.73,0.0,crop+affine+minmax,6,0.5148
cpu,2,,image-labels,torchio,1.73,0.0,crop+affine+minmax,7,0.2261
cpu,2,,image-labels,torchio,1.73,0.0,crop+affine+minmax,8,0.2602
cpu,2,,image-labels,torchio,1.73,0.0,crop+affine+minmax,9,0.1297
cpu,2,,image-labels,torchio,1.73,0.0,crop+affine+minmax,10,0.116
cpu,2,,image-labels-points,augmed,0.02,0.0,crop+affine+minmax,1,0.019
cpu,2,,image-labels-points,augmed,0.02,0.0,crop+affine+minmax,2,0.0249
cpu,2,,image-labels-points,augmed,0.02,0.0,crop+affine+minmax,3,0.0188
cpu,2,,image-labels-points,augmed,0.02,0.0,crop+affine+minmax,4,0.0176
cpu,2,,image-labels-points,augmed,0.02,0.0,crop+affine+minmax,5,0.0231
cpu,2,,image-labels-points,augmed,0.02,0.0,crop+affine+minmax,6,0.3019
cpu,2,,image-labels-points,augmed,0.01,0.0,crop+affine+minmax,7,0.095
cpu,2,,image-labels-points,augmed,0.02,0.0,crop+affine+minmax,8,0.0179
cpu,2,,image-labels-points,augmed,0.01,0.0,crop+affine+minmax,9,0.018
cpu,2,,image-labels-points,augmed,0.02,0.0,crop+affine+minmax,10,0.2679
cpu,2,,image,augmed,0.02,0.0,crop+affine+elastic+minmax,1,0.0678
cpu,2,,image,augmed,0.02,0.0,crop+affine+elastic+minmax,2,0.063
cpu,2,,image,augmed,0.02,0.0,crop+affine+elastic+minmax,3,0.0599
cpu,2,,image,augmed,0.02,0.0,crop+affine+elastic+minmax,4,0.0611
cpu,2,,image,augmed,0.02,0.0,crop+affine+elastic+minmax,5,0.0646
cpu,2,,image,augmed,0.02,0.0,crop+affine+elastic+minmax,6,0.0601
cpu,2,,image,augmed,0.02,0.0,crop+affine+elastic+minmax,7,0.0653
cpu,2,,image,augmed,0.02,0.0,crop+affine+elastic+minmax,8,0.0632
cpu,2,,image,augmed,0.02,0.0,crop+affine+elastic+minmax,9,0.061
cpu,2,,image,augmed,0.02,0.0,crop+affine+elastic+minmax,10,0.0708
cpu,2,,image,monai,0.57,0.0,crop+affine+elastic+minmax,1,0.0235
cpu,2,,image,monai,0.57,0.0,crop+affine+elastic+minmax,2,0.0171
cpu,2,,image,monai,0.57,0.0,crop+affine+elastic+minmax,3,0.0205
cpu,2,,image,monai,0.57,0.0,crop+affine+elastic+minmax,4,0.016
cpu,2,,image,monai,0.57,0.0,crop+affine+elastic+minmax,5,0.0235
cpu,2,,image,monai,0.57,0.0,crop+affine+elastic+minmax,6,0.0235
cpu,2,,image,monai,0.57,0.0,crop+affine+elastic+minmax,7,0.0177
cpu,2,,image,monai,0.57,0.0,crop+affine+elastic+minmax,8,0.0212
cpu,2,,image,monai,0.57,0.0,crop+affine+elastic+minmax,9,0.0161
cpu,2,,image,monai,0.57,0.0,crop+affine+elastic+minmax,10,0.0236
cpu,2,,image,torchio,1.73,0.0,crop+affine+elastic+minmax,1,0.229
cpu,2,,image,torchio,1.73,0.0,crop+affine+elastic+minmax,2,0.1434
cpu,2,,image,torchio,1.73,0.0,crop+affine+elastic+minmax,3,0.2312
cpu,2,,image,torchio,1.73,0.0,crop+affine+elastic+minmax,4,0.164
cpu,2,,image,torchio,1.73,0.0,crop+affine+elastic+minmax,5,0.2532
cpu,2,,image,torchio,1.73,0.0,crop+affine+elastic+minmax,6,0.237
cpu,2,,image,torchio,1.73,0.0,crop+affine+elastic+minmax,7,0.1707
cpu,2,,image,torchio,1.73,0.0,crop+affine+elastic+minmax,8,0.2766
cpu,2,,image,torchio,1.73,0.0,crop+affine+elastic+minmax,9,0.3362
cpu,2,,image,torchio,1.73,0.0,crop+affine+elastic+minmax,10,0.3146
cpu,2,,image-labels,augmed,0.02,0.0,crop+affine+elastic+minmax,1,0.5221
cpu,2,,image-labels,augmed,0.02,0.0,crop+affine+elastic+minmax,2,0.5443
cpu,2,,image-labels,augmed,0.02,0.0,crop+affine+elastic+minmax,3,0.2771
cpu,2,,image-labels,augmed,0.02,0.0,crop+affine+elastic+minmax,4,0.0584
cpu,2,,image-labels,augmed,0.02,0.0,crop+affine+elastic+minmax,5,0.0663
cpu,2,,image-labels,augmed,0.02,0.0,crop+affine+elastic+minmax,6,0.0619
cpu,2,,image-labels,augmed,0.02,0.0,crop+affine+elastic+minmax,7,0.0676
cpu,2,,image-labels,augmed,0.02,0.0,crop+affine+elastic+minmax,8,0.0667
cpu,2,,image-labels,augmed,0.02,0.0,crop+affine+elastic+minmax,9,0.0642
cpu,2,,image-labels,augmed,0.02,0.0,crop+affine+elastic+minmax,10,0.0682
cpu,2,,image-labels,monai,0.58,0.0,crop+affine+elastic+minmax,1,0.0302
cpu,2,,image-labels,monai,0.58,0.0,crop+affine+elastic+minmax,2,0.0774
cpu,2,,image-labels,monai,0.58,0.0,crop+affine+elastic+minmax,3,0.0483
cpu,2,,image-labels,monai,0.58,0.0,crop+affine+elastic+minmax,4,0.0899
cpu,2,,image-labels,monai,0.58,0.0,crop+affine+elastic+minmax,5,0.0612
cpu,2,,image-labels,monai,0.58,0.0,crop+affine+elastic+minmax,6,0.0683
cpu,2,,image-labels,monai,0.58,0.0,crop+affine+elastic+minmax,7,0.0317
cpu,2,,image-labels,monai,0.58,0.0,crop+affine+elastic+minmax,8,0.0311
cpu,2,,image-labels,monai,0.58,0.0,crop+affine+elastic+minmax,9,0.0316
cpu,2,,image-labels,monai,0.58,0.0,crop+affine+elastic+minmax,10,0.0295
cpu,2,,image-labels,torchio,1.74,0.0,crop+affine+elastic+minmax,1,0.2206
cpu,2,,image-labels,torchio,1.74,0.0,crop+affine+elastic+minmax,2,0.25
cpu,2,,image-labels,torchio,1.74,0.0,crop+affine+elastic+minmax,3,0.5761
cpu,2,,image-labels,torchio,1.74,0.0,crop+affine+elastic+minmax,4,0.3469
cpu,2,,image-labels,torchio,1.74,0.0,crop+affine+elastic+minmax,5,0.2256
cpu,2,,image-labels,torchio,1.74,0.0,crop+affine+elastic+minmax,6,0.2354
cpu,2,,image-labels,torchio,1.74,0.0,crop+affine+elastic+minmax,7,0.2469
cpu,2,,image-labels,torchio,1.74,0.0,crop+affine+elastic+minmax,8,0.2472
cpu,2,,image-labels,torchio,1.74,0.0,crop+affine+elastic+minmax,9,0.2513
cpu,2,,image-labels,torchio,1.74,0.0,crop+affine+elastic+minmax,10,0.2313
cpu,2,,image-labels-points,augmed,0.03,0.0,crop+affine+elastic+minmax,1,0.0647
cpu,2,,image-labels-points,augmed,0.03,0.0,crop+affine+elastic+minmax,2,0.0924
cpu,2,,image-labels-points,augmed,0.03,0.0,crop+affine+elastic+minmax,3,0.0903
cpu,2,,image-labels-points,augmed,0.03,0.0,crop+affine+elastic+minmax,4,1.0989
cpu,2,,image-labels-points,augmed,0.03,0.0,crop+affine+elastic+minmax,5,0.2124
cpu,2,,image-labels-points,augmed,0.03,0.0,crop+affine+elastic+minmax,6,0.4378
cpu,2,,image-labels-points,augmed,0.03,0.0,crop+affine+elastic+minmax,7,0.7398
cpu,2,,image-labels-points,augmed,0.03,0.0,crop+affine+elastic+minmax,8,0.7538
cpu,2,,image-labels-points,augmed,0.03,0.0,crop+affine+elastic+minmax,9,1.8041
cpu,2,,image-labels-points,augmed,0.03,0.0,crop+affine+elastic+minmax,10,0.9968
cpu,3,,image,augmed,0.02,0.0,crop+affine+minmax,1,3.7779
cpu,3,,image,augmed,0.02,0.0,crop+affine+minmax,2,6.168
cpu,3,,image,augmed,0.02,0.0,crop+affine+minmax,3,4.6577
cpu,3,,image,augmed,0.02,0.0,crop+affine+minmax,4,3.5409
cpu,3,,image,augmed,0.02,0.0,crop+affine+minmax,5,4.3905
cpu,3,,image,augmed,0.02,0.0,crop+affine+minmax,6,4.1745
cpu,3,,image,augmed,0.02,0.0,crop+affine+minmax,7,5.4882
cpu,3,,image,augmed,0.01,0.0,crop+affine+minmax,8,4.0042
cpu,3,,image,augmed,0.01,0.0,crop+affine+minmax,9,2.8914
cpu,3,,image,augmed,0.01,0.0,crop+affine+minmax,10,3.8185
cpu,3,,image,monai,0.02,0.0,crop+affine+minmax,1,0.4142
cpu,3,,image,monai,0.02,0.0,crop+affine+minmax,2,0.3024
cpu,3,,image,monai,0.02,0.0,crop+affine+minmax,3,0.2457
cpu,3,,image,monai,0.02,0.0,crop+affine+minmax,4,0.2763
cpu,3,,image,monai,0.02,0.0,crop+affine+minmax,5,0.2699
cpu,3,,image,monai,0.02,0.0,crop+affine+minmax,6,0.2758
cpu,3,,image,monai,0.02,0.0,crop+affine+minmax,7,0.2649
cpu,3,,image,monai,0.02,0.0,crop+affine+minmax,8,0.2685
cpu,3,,image,monai,0.02,0.0,crop+affine+minmax,9,0.3905
cpu,3,,image,monai,0.02,0.0,crop+affine+minmax,10,0.4102
cpu,3,,image,torchio,113.9,0.0,crop+affine+minmax,1,0.9593
cpu,3,,image,torchio,113.91,0.0,crop+affine+minmax,2,0.7305
cpu,3,,image,torchio,113.91,0.0,crop+affine+minmax,3,1.0203
cpu,3,,image,torchio,113.91,0.0,crop+affine+minmax,4,6.0495
cpu,3,,image,torchio,113.91,0.0,crop+affine+minmax,5,5.5737
cpu,3,,image,torchio,113.91,0.0,crop+affine+minmax,6,1.484
cpu,3,,image,torchio,113.91,0.0,crop+affine+minmax,7,0.6809
cpu,3,,image,torchio,113.91,0.0,crop+affine+minmax,8,0.6817
cpu,3,,image,torchio,113.91,0.0,crop+affine+minmax,9,0.6952
cpu,3,,image,torchio,113.91,0.0,crop+affine+minmax,10,0.8224
cpu,3,,image-labels,augmed,0.02,0.0,crop+affine+minmax,1,17.0511
cpu,3,,image-labels,augmed,0.02,0.0,crop+affine+minmax,2,16.8876
cpu,3,,image-labels,augmed,0.02,0.0,crop+affine+minmax,3,11.0216
cpu,3,,image-labels,augmed,0.02,0.0,crop+affine+minmax,4,18.5759
cpu,3,,image-labels,augmed,0.02,0.0,crop+affine+minmax,5,8.9063
cpu,3,,image-labels,augmed,0.02,0.0,crop+affine+minmax,6,19.5023
cpu,3,,image-labels,augmed,0.02,0.0,crop+affine+minmax,7,13.6956
cpu,3,,image-labels,augmed,0.02,0.0,crop+affine+minmax,8,8.7148
cpu,3,,image-labels,augmed,0.02,0.0,crop+affine+minmax,9,17.6884
cpu,3,,image-labels,augmed,0.02,0.0,crop+affine+minmax,10,14.461
cpu,3,,image-labels,monai,0.03,0.0,crop+affine+minmax,1,1.2995
cpu,3,,image-labels,monai,0.03,0.0,crop+affine+minmax,2,1.4151
cpu,3,,image-labels,monai,0.03,0.0,crop+affine+minmax,3,2.2012
cpu,3,,image-labels,monai,0.03,0.0,crop+affine+minmax,4,3.3656
cpu,3,,image-labels,monai,0.03,0.0,crop+affine+minmax,5,1.9546
cpu,3,,image-labels,monai,0.03,0.0,crop+affine+minmax,6,1.9439
cpu,3,,image-labels,monai,0.03,0.0,crop+affine+minmax,7,1.4057
cpu,3,,image-labels,monai,0.03,0.0,crop+affine+minmax,8,0.8397
cpu,3,,image-labels,monai,0.03,0.0,crop+affine+minmax,9,1.2691
cpu,3,,image-labels,monai,0.03,0.0,crop+affine+minmax,10,0.7903
cpu,3,,image-labels,torchio,512.49,0.0,crop+affine+minmax,1,6.4867
cpu,3,,image-labels,torchio,512.49,0.0,crop+affine+minmax,2,9.1024
cpu,3,,image-labels,torchio,512.49,0.0,crop+affine+minmax,3,7.0492
cpu,3,,image-labels,torchio,512.49,0.0,crop+affine+minmax,4,7.15
cpu,3,,image-labels,torchio,512.49,0.0,crop+affine+minmax,5,10.528
cpu,3,,image-labels,torchio,512.49,0.0,crop+affine+minmax,6,7.9588
cpu,3,,image-labels,torchio,512.49,0.0,crop+affine+minmax,7,8.272
cpu,3,,image-labels,torchio,512.49,0.0,crop+affine+minmax,8,9.2255
cpu,3,,image-labels,torchio,512.49,0.0,crop+affine+minmax,9,7.7389
cpu,3,,image-labels,torchio,512.49,0.0,crop+affine+minmax,10,6.1793
cpu,3,,image-labels-points,augmed,0.02,0.0,crop+affine+minmax,1,17.3229
cpu,3,,image-labels-points,augmed,0.02,0.0,crop+affine+minmax,2,14.1811
cpu,3,,image-labels-points,augmed,0.02,0.0,crop+affine+minmax,3,9.3373
cpu,3,,image-labels-points,augmed,0.02,0.0,crop+affine+minmax,4,13.5729
cpu,3,,image-labels-points,augmed,0.02,0.0,crop+affine+minmax,5,9.1274
cpu,3,,image-labels-points,augmed,0.02,0.0,crop+affine+minmax,6,14.4821
cpu,3,,image-labels-points,augmed,0.02,0.0,crop+affine+minmax,7,9.9943
cpu,3,,image-labels-points,augmed,0.02,0.0,crop+affine+minmax,8,15.5593
cpu,3,,image-labels-points,augmed,0.02,0.0,crop+affine+minmax,9,11.2436
cpu,3,,image-labels-points,augmed,0.02,0.0,crop+affine+minmax,10,13.8982
cpu,3,,image,augmed,0.02,0.0,crop+affine+elastic+minmax,1,21.7625
cpu,3,,image,augmed,0.02,0.0,crop+affine+elastic+minmax,2,19.9354
cpu,3,,image,augmed,0.02,0.0,crop+affine+elastic+minmax,3,21.5135
cpu,3,,image,augmed,0.02,0.0,crop+affine+elastic+minmax,4,21.1781
cpu,3,,image,augmed,0.02,0.0,crop+affine+elastic+minmax,5,18.1119
cpu,3,,image,augmed,0.02,0.0,crop+affine+elastic+minmax,6,21.0789
cpu,3,,image,augmed,0.02,0.0,crop+affine+elastic+minmax,7,17.2578
cpu,3,,image,augmed,0.02,0.0,crop+affine+elastic+minmax,8,27.5806
cpu,3,,image,augmed,0.02,0.0,crop+affine+elastic+minmax,9,19.4877
cpu,3,,image,augmed,0.02,0.0,crop+affine+elastic+minmax,10,17.4191
cpu,3,,image,monai,65.19,0.0,crop+affine+elastic+minmax,1,1.6258
cpu,3,,image,monai,65.18,0.0,crop+affine+elastic+minmax,2,1.6357
cpu,3,,image,monai,65.18,0.0,crop+affine+elastic+minmax,3,1.1711
cpu,3,,image,monai,65.18,0.0,crop+affine+elastic+minmax,4,0.6891
cpu,3,,image,monai,65.18,0.0,crop+affine+elastic+minmax,5,0.7541
cpu,3,,image,monai,65.18,0.0,crop+affine+elastic+minmax,6,0.6951
cpu,3,,image,monai,65.18,0.0,crop+affine+elastic+minmax,7,1.0397
cpu,3,,image,monai,65.18,0.0,crop+affine+elastic+minmax,8,0.6867
cpu,3,,image,monai,65.18,0.0,crop+affine+elastic+minmax,9,0.7322
cpu,3,,image,monai,65.18,0.0,crop+affine+elastic+minmax,10,1.2224
cpu,3,,image,torchio,113.91,0.0,crop+affine+elastic+minmax,1,3.8426
cpu,3,,image,torchio,113.92,0.0,crop+affine+elastic+minmax,2,4.0216
cpu,3,,image,torchio,113.92,0.0,crop+affine+elastic+minmax,3,3.3649
cpu,3,,image,torchio,113.92,0.0,crop+affine+elastic+minmax,4,2.3684
cpu,3,,image,torchio,113.92,0.0,crop+affine+elastic+minmax,5,2.5299
cpu,3,,image,torchio,113.92,0.0,crop+affine+elastic+minmax,6,3.7462
cpu,3,,image,torchio,113.92,0.0,crop+affine+elastic+minmax,7,3.9861
cpu,3,,image,torchio,113.92,0.0,crop+affine+elastic+minmax,8,3.1561
cpu,3,,image,torchio,113.92,0.0,crop+affine+elastic+minmax,9,2.3403
cpu,3,,image,torchio,113.92,0.0,crop+affine+elastic+minmax,10,3.4405
cpu,3,,image-labels,augmed,0.02,0.0,crop+affine+elastic+minmax,1,27.9546
cpu,3,,image-labels,augmed,0.02,0.0,crop+affine+elastic+minmax,2,25.6955
cpu,3,,image-labels,augmed,0.02,0.0,crop+affine+elastic+minmax,3,24.7271
cpu,3,,image-labels,augmed,0.02,0.0,crop+affine+elastic+minmax,4,22.7681
cpu,3,,image-labels,augmed,0.02,0.0,crop+affine+elastic+minmax,5,21.7486
cpu,3,,image-labels,augmed,0.02,0.0,crop+affine+elastic+minmax,6,23.2952
cpu,3,,image-labels,augmed,0.02,0.0,crop+affine+elastic+minmax,7,22.0816
cpu,3,,image-labels,augmed,0.02,0.0,crop+affine+elastic+minmax,8,20.9901
cpu,3,,image-labels,augmed,0.02,0.0,crop+affine+elastic+minmax,9,22.2516
cpu,3,,image-labels,augmed,0.02,0.0,crop+affine+elastic+minmax,10,21.8758
cpu,3,,image-labels,monai,65.2,0.0,crop+affine+elastic+minmax,1,2.1524
cpu,3,,image-labels,monai,65.2,0.0,crop+affine+elastic+minmax,2,1.4717
cpu,3,,image-labels,monai,65.2,0.0,crop+affine+elastic+minmax,3,1.3633
cpu,3,,image-labels,monai,65.2,0.0,crop+affine+elastic+minmax,4,1.8301
cpu,3,,image-labels,monai,65.2,0.0,crop+affine+elastic+minmax,5,2.993
cpu,3,,image-labels,monai,65.2,0.0,crop+affine+elastic+minmax,6,2.606
cpu,3,,image-labels,monai,65.2,0.0,crop+affine+elastic+minmax,7,2.0715
cpu,3,,image-labels,monai,65.2,0.0,crop+affine+elastic+minmax,8,1.541
cpu,3,,image-labels,monai,65.2,0.0,crop+affine+elastic+minmax,9,1.7381
cpu,3,,image-labels,monai,65.2,0.0,crop+affine+elastic+minmax,10,1.454
cpu,3,,image-labels,torchio,512.51,0.0,crop+affine+elastic+minmax,1,31.0091
cpu,3,,image-labels,torchio,512.51,0.0,crop+affine+elastic+minmax,2,25.1637
cpu,3,,image-labels,torchio,512.51,0.0,crop+affine+elastic+minmax,3,27.0572
cpu,3,,image-labels,torchio,512.51,0.0,crop+affine+elastic+minmax,4,22.4916
cpu,3,,image-labels,torchio,512.51,0.0,crop+affine+elastic+minmax,5,21.2891
cpu,3,,image-labels,torchio,512.51,0.0,crop+affine+elastic+minmax,6,21.0285
cpu,3,,image-labels,torchio,512.51,0.0,crop+affine+elastic+minmax,7,20.9511
cpu,3,,image-labels,torchio,512.51,0.0,crop+affine+elastic+minmax,8,21.3099
cpu,3,,image-labels,torchio,512.51,0.0,crop+affine+elastic+minmax,9,21.0185
cpu,3,,image-labels,torchio,512.51,0.0,crop+affine+elastic+minmax,10,21.8137
cpu,3,,image-labels-points,augmed,0.03,0.0,crop+affine+elastic+minmax,1,18.3344
cpu,3,,image-labels-points,augmed,0.03,0.0,crop+affine+elastic+minmax,2,17.1754
cpu,3,,image-labels-points,augmed,0.03,0.0,crop+affine+elastic+minmax,3,16.5549
cpu,3,,image-labels-points,augmed,0.03,0.0,crop+affine+elastic+minmax,4,17.0104
cpu,3,,image-labels-points,augmed,0.03,0.0,crop+affine+elastic+minmax,5,16.1636
cpu,3,,image-labels-points,augmed,0.03,0.0,crop+affine+elastic+minmax,6,17.36
cpu,3,,image-labels-points,augmed,0.03,0.0,crop+affine+elastic+minmax,7,16.6028
cpu,3,,image-labels-points,augmed,0.03,0.0,crop+affine+elastic+minmax,8,16.1973
cpu,3,,image-labels-points,augmed,0.03,0.0,crop+affine+elastic+minmax,9,16.4736
cpu,3,,image-labels-points,augmed,0.03,0.0,crop+affine+elastic+minmax,10,16.2703
cuda,2,,image,augmed,0.01,44.03,crop+affine+minmax,1,0.1284
cuda,2,,image,augmed,0.02,44.03,crop+affine+minmax,2,0.0147
cuda,2,,image,augmed,0.02,44.03,crop+affine+minmax,3,0.1324
cuda,2,,image,augmed,0.01,44.03,crop+affine+minmax,4,0.0112
cuda,2,,image,augmed,0.01,44.03,crop+affine+minmax,5,0.0105
cuda,2,,image,augmed,0.01,44.03,crop+affine+minmax,6,0.0107
cuda,2,,image,augmed,0.01,44.03,crop+affine+minmax,7,0.0134
cuda,2,,image,augmed,0.01,44.03,crop+affine+minmax,8,0.0142
cuda,2,,image,augmed,0.01,44.03,crop+affine+minmax,9,0.0145
cuda,2,,image,augmed,0.01,44.03,crop+affine+minmax,10,0.0134
cuda,2,,image,monai,0.02,36.09,crop+affine+minmax,1,0.0099
cuda,2,,image,monai,0.02,36.09,crop+affine+minmax,2,0.0101
cuda,2,,image,monai,0.02,36.09,crop+affine+minmax,3,0.01
cuda,2,,image,monai,0.02,36.09,crop+affine+minmax,4,0.0096
cuda,2,,image,monai,0.02,36.09,crop+affine+minmax,5,0.0077
cuda,2,,image,monai,0.02,36.09,crop+affine+minmax,6,0.0098
cuda,2,,image,monai,0.02,36.09,crop+affine+minmax,7,0.0085
cuda,2,,image,monai,0.02,36.09,crop+affine+minmax,8,0.0075
cuda,2,,image,monai,0.02,36.09,crop+affine+minmax,9,0.0071
cuda,2,,image,monai,0.02,36.09,crop+affine+minmax,10,0.0103
cuda,2,,image-labels,augmed,0.02,62.05,crop+affine+minmax,1,0.0139
cuda,2,,image-labels,augmed,0.01,62.05,crop+affine+minmax,2,0.0133
cuda,2,,image-labels,augmed,0.02,62.05,crop+affine+minmax,3,0.0172
cuda,2,,image-labels,augmed,0.01,62.05,crop+affine+minmax,4,0.0187
cuda,2,,image-labels,augmed,0.01,62.05,crop+affine+minmax,5,0.0247
cuda,2,,image-labels,augmed,0.02,62.05,crop+affine+minmax,6,0.0195
cuda,2,,image-labels,augmed,0.01,62.05,crop+affine+minmax,7,0.0191
cuda,2,,image-labels,augmed,0.01,62.05,crop+affine+minmax,8,0.0267
cuda,2,,image-labels,augmed,0.02,62.05,crop+affine+minmax,9,0.0222
cuda,2,,image-labels,augmed,0.01,62.05,crop+affine+minmax,10,0.0327
cuda,2,,image-labels,monai,0.03,39.89,crop+affine+minmax,1,0.0135
cuda,2,,image-labels,monai,0.03,39.89,crop+affine+minmax,2,0.0114
cuda,2,,image-labels,monai,0.03,39.89,crop+affine+minmax,3,0.0123
cuda,2,,image-labels,monai,0.03,39.89,crop+affine+minmax,4,0.0176
cuda,2,,image-labels,monai,0.03,39.89,crop+affine+minmax,5,0.012
cuda,2,,image-labels,monai,0.03,39.89,crop+affine+minmax,6,0.0168
cuda,2,,image-labels,monai,0.03,39.89,crop+affine+minmax,7,0.0224
cuda,2,,image-labels,monai,0.03,39.89,crop+affine+minmax,8,0.0115
cuda,2,,image-labels,monai,0.03,39.89,crop+affine+minmax,9,0.0217
cuda,2,,image-labels,monai,0.03,39.89,crop+affine+minmax,10,0.0169
cuda,2,,image-labels-points,augmed,0.02,62.05,crop+affine+minmax,1,0.0508
cuda,2,,image-labels-points,augmed,0.01,62.05,crop+affine+minmax,2,0.0452
cuda,2,,image-labels-points,augmed,0.02,62.05,crop+affine+minmax,3,0.05
cuda,2,,image-labels-points,augmed,0.01,62.05,crop+affine+minmax,4,0.0263
cuda,2,,image-labels-points,augmed,0.01,62.05,crop+affine+minmax,5,0.0266
cuda,2,,image-labels-points,augmed,0.02,62.05,crop+affine+minmax,6,0.0248
cuda,2,,image-labels-points,augmed,0.01,62.05,crop+affine+minmax,7,0.0276
cuda,2,,image-labels-points,augmed,0.02,62.05,crop+affine+minmax,8,0.0274
cuda,2,,image-labels-points,augmed,0.01,62.05,crop+affine+minmax,9,0.0235
cuda,2,,image-labels-points,augmed,0.01,62.05,crop+affine+minmax,10,0.0268
cuda,2,,image,augmed,0.02,158.74,crop+affine+elastic+minmax,1,0.0251
cuda,2,,image,augmed,0.02,158.74,crop+affine+elastic+minmax,2,0.026
cuda,2,,image,augmed,0.02,158.74,crop+affine+elastic+minmax,3,0.0231
cuda,2,,image,augmed,0.02,158.74,crop+affine+elastic+minmax,4,0.0248
cuda,2,,image,augmed,0.02,158.74,crop+affine+elastic+minmax,5,0.0248
cuda,2,,image,augmed,0.02,158.74,crop+affine+elastic+minmax,6,0.0273
cuda,2,,image,augmed,0.02,158.74,crop+affine+elastic+minmax,7,0.0253
cuda,2,,image,augmed,0.02,158.74,crop+affine+elastic+minmax,8,0.0249
cuda,2,,image,augmed,0.02,158.74,crop+affine+elastic+minmax,9,0.0229
cuda,2,,image,augmed,0.02,158.74,crop+affine+elastic+minmax,10,0.0249
cuda,2,,image,monai,0.57,36.18,crop+affine+elastic+minmax,1,0.0223
cuda,2,,image,monai,0.57,36.18,crop+affine+elastic+minmax,2,0.022
cuda,2,,image,monai,0.57,36.18,crop+affine+elastic+minmax,3,0.0226
cuda,2,,image,monai,0.57,36.18,crop+affine+elastic+minmax,4,0.0209
cuda,2,,image,monai,0.57,36.18,crop+affine+elastic+minmax,5,0.022
cuda,2,,image,monai,0.57,36.18,crop+affine+elastic+minmax,6,0.0225
cuda,2,,image,monai,0.57,36.18,crop+affine+elastic+minmax,7,0.0199
cuda,2,,image,monai,0.57,36.18,crop+affine+elastic+minmax,8,0.0199
cuda,2,,image,monai,0.57,36.18,crop+affine+elastic+minmax,9,0.0232
cuda,2,,image,monai,0.57,36.18,crop+affine+elastic+minmax,10,0.017
cuda,2,,image-labels,augmed,0.02,158.74,crop+affine+elastic+minmax,1,0.0258
cuda,2,,image-labels,augmed,0.02,158.74,crop+affine+elastic+minmax,2,0.0275
cuda,2,,image-labels,augmed,0.02,158.74,crop+affine+elastic+minmax,3,0.0274
cuda,2,,image-labels,augmed,0.02,158.74,crop+affine+elastic+minmax,4,0.0257
cuda,2,,image-labels,augmed,0.02,158.74,crop+affine+elastic+minmax,5,0.0272
cuda,2,,image-labels,augmed,0.02,158.74,crop+affine+elastic+minmax,6,0.0234
cuda,2,,image-labels,augmed,0.02,158.74,crop+affine+elastic+minmax,7,0.0277
cuda,2,,image-labels,augmed,0.02,158.74,crop+affine+elastic+minmax,8,0.0265
cuda,2,,image-labels,augmed,0.02,158.74,crop+affine+elastic+minmax,9,0.0264
cuda,2,,image-labels,augmed,0.02,158.74,crop+affine+elastic+minmax,10,0.0257
cuda,2,,image-labels,monai,0.58,41.85,crop+affine+elastic+minmax,1,0.0296
cuda,2,,image-labels,monai,0.58,41.85,crop+affine+elastic+minmax,2,0.0207
cuda,2,,image-labels,monai,0.58,41.85,crop+affine+elastic+minmax,3,0.0267
cuda,2,,image-labels,monai,0.58,41.85,crop+affine+elastic+minmax,4,0.0205
cuda,2,,image-labels,monai,0.58,41.85,crop+affine+elastic+minmax,5,0.0231
cuda,2,,image-labels,monai,0.58,41.85,crop+affine+elastic+minmax,6,0.0272
cuda,2,,image-labels,monai,0.58,41.85,crop+affine+elastic+minmax,7,0.02
cuda,2,,image-labels,monai,0.58,41.85,crop+affine+elastic+minmax,8,0.053
cuda,2,,image-labels,monai,0.58,41.85,crop+affine+elastic+minmax,9,0.0213
cuda,2,,image-labels,monai,0.58,41.85,crop+affine+elastic+minmax,10,0.0327
cuda,2,,image-labels-points,augmed,0.03,189.75,crop+affine+elastic+minmax,1,0.0789
cuda,2,,image-labels-points,augmed,0.02,189.75,crop+affine+elastic+minmax,2,0.0617
cuda,2,,image-labels-points,augmed,0.03,189.75,crop+affine+elastic+minmax,3,0.077
cuda,2,,image-labels-points,augmed,0.02,189.75,crop+affine+elastic+minmax,4,0.0589
cuda,2,,image-labels-points,augmed,0.02,189.75,crop+affine+elastic+minmax,5,0.0629
cuda,2,,image-labels-points,augmed,0.03,189.75,crop+affine+elastic+minmax,6,0.0729
cuda,2,,image-labels-points,augmed,0.03,189.75,crop+affine+elastic+minmax,7,0.088
cuda,2,,image-labels-points,augmed,0.02,189.75,crop+affine+elastic+minmax,8,0.0863
cuda,2,,image-labels-points,augmed,0.02,189.75,crop+affine+elastic+minmax,9,0.0629
cuda,2,,image-labels-points,augmed,0.03,189.75,crop+affine+elastic+minmax,10,0.087
cuda,3,,image,augmed,0.02,1379.04,crop+affine+minmax,1,0.2334
cuda,3,,image,augmed,0.02,1379.04,crop+affine+minmax,2,0.2709
cuda,3,,image,augmed,0.02,1379.04,crop+affine+minmax,3,0.2077
cuda,3,,image,augmed,0.02,1379.04,crop+affine+minmax,4,0.3036
cuda,3,,image,augmed,0.02,1379.04,crop+affine+minmax,5,0.2375
cuda,3,,image,augmed,0.02,1379.04,crop+affine+minmax,6,0.2919
cuda,3,,image,augmed,0.02,1379.04,crop+affine+minmax,7,0.2293
cuda,3,,image,augmed,0.01,1379.04,crop+affine+minmax,8,0.2769
cuda,3,,image,augmed,0.02,1379.04,crop+affine+minmax,9,0.2142
cuda,3,,image,augmed,0.02,1379.04,crop+affine+minmax,10,0.274
cuda,3,,image,monai,0.02,492.96,crop+affine+minmax,1,0.0553
cuda,3,,image,monai,0.02,492.96,crop+affine+minmax,2,0.0445
cuda,3,,image,monai,0.02,492.96,crop+affine+minmax,3,0.051
cuda,3,,image,monai,0.02,492.96,crop+affine+minmax,4,0.0518
cuda,3,,image,monai,0.02,492.96,crop+affine+minmax,5,0.05
cuda,3,,image,monai,0.02,492.96,crop+affine+minmax,6,0.0449
cuda,3,,image,monai,0.02,492.96,crop+affine+minmax,7,0.0516
cuda,3,,image,monai,0.02,492.96,crop+affine+minmax,8,0.0599
cuda,3,,image,monai,0.02,492.96,crop+affine+minmax,9,0.0461
cuda,3,,image,monai,0.02,492.96,crop+affine+minmax,10,0.0504
cuda,3,,image-labels,augmed,0.02,2986.0,crop+affine+minmax,1,0.4044
cuda,3,,image-labels,augmed,0.02,2986.0,crop+affine+minmax,2,0.3453
cuda,3,,image-labels,augmed,0.02,2986.0,crop+affine+minmax,3,0.4019
cuda,3,,image-labels,augmed,0.02,2986.0,crop+affine+minmax,4,0.3284
cuda,3,,image-labels,augmed,0.02,2986.0,crop+affine+minmax,5,0.4032
cuda,3,,image-labels,augmed,0.02,2986.0,crop+affine+minmax,6,0.3708
cuda,3,,image-labels,augmed,0.02,2986.0,crop+affine+minmax,7,0.42
cuda,3,,image-labels,augmed,0.02,2986.0,crop+affine+minmax,8,0.3537
cuda,3,,image-labels,augmed,0.02,2986.0,crop+affine+minmax,9,0.4004
cuda,3,,image-labels,augmed,0.02,2986.0,crop+affine+minmax,10,0.3366
cuda,3,,image-labels,monai,0.03,790.67,crop+affine+minmax,1,0.0849
cuda,3,,image-labels,monai,0.03,790.67,crop+affine+minmax,2,0.0801
cuda,3,,image-labels,monai,0.03,790.67,crop+affine+minmax,3,0.0844
cuda,3,,image-labels,monai,0.03,790.67,crop+affine+minmax,4,0.0776
cuda,3,,image-labels,monai,0.03,790.67,crop+affine+minmax,5,0.079
cuda,3,,image-labels,monai,0.03,790.67,crop+affine+minmax,6,0.0862
cuda,3,,image-labels,monai,0.03,790.67,crop+affine+minmax,7,0.0888
cuda,3,,image-labels,monai,0.03,790.67,crop+affine+minmax,8,0.078
cuda,3,,image-labels,monai,0.03,790.67,crop+affine+minmax,9,0.0745
cuda,3,,image-labels,monai,0.03,790.67,crop+affine+minmax,10,0.0892
cuda,3,,image-labels-points,augmed,0.02,2986.0,crop+affine+minmax,1,0.4956
cuda,3,,image-labels-points,augmed,0.02,2986.0,crop+affine+minmax,2,0.3807
cuda,3,,image-labels-points,augmed,0.02,2986.0,crop+affine+minmax,3,0.4784
cuda,3,,image-labels-points,augmed,0.02,2986.0,crop+affine+minmax,4,0.4043
cuda,3,,image-labels-points,augmed,0.02,2986.0,crop+affine+minmax,5,0.3946
cuda,3,,image-labels-points,augmed,0.02,2986.0,crop+affine+minmax,6,0.3578
cuda,3,,image-labels-points,augmed,0.02,2986.0,crop+affine+minmax,7,0.3973
cuda,3,,image-labels-points,augmed,0.02,2986.0,crop+affine+minmax,8,0.3384
cuda,3,,image-labels-points,augmed,0.02,2986.0,crop+affine+minmax,9,0.4016
cuda,3,,image-labels-points,augmed,0.02,2986.0,crop+affine+minmax,10,0.3829
cuda,3,,image,augmed,0.02,17141.57,crop+affine+elastic+minmax,1,0.9117
cuda,3,,image,augmed,0.02,17141.57,crop+affine+elastic+minmax,2,0.8559
cuda,3,,image,augmed,0.02,17141.57,crop+affine+elastic+minmax,3,0.8988
cuda,3,,image,augmed,0.02,17141.57,crop+affine+elastic+minmax,4,0.8566
cuda,3,,image,augmed,0.02,17141.57,crop+affine+elastic+minmax,5,1.2978
cuda,3,,image,augmed,0.02,17141.57,crop+affine+elastic+minmax,6,0.8622
cuda,3,,image,augmed,0.02,17141.57,crop+affine+elastic+minmax,7,1.0139
cuda,3,,image,augmed,0.02,17141.57,crop+affine+elastic+minmax,8,1.4458
cuda,3,,image,augmed,0.02,17141.57,crop+affine+elastic+minmax,9,0.9691
cuda,3,,image,augmed,0.02,17141.57,crop+affine+elastic+minmax,10,0.8558
cuda,3,,image,monai,65.18,681.69,crop+affine+elastic+minmax,1,0.1739
cuda,3,,image,monai,65.18,681.69,crop+affine+elastic+minmax,2,0.1728
cuda,3,,image,monai,65.18,659.81,crop+affine+elastic+minmax,3,0.1336
cuda,3,,image,monai,65.18,662.38,crop+affine+elastic+minmax,4,0.1749
cuda,3,,image,monai,65.18,644.56,crop+affine+elastic+minmax,5,0.1842
cuda,3,,image,monai,65.18,653.99,crop+affine+elastic+minmax,6,0.1691
cuda,3,,image,monai,65.18,659.81,crop+affine+elastic+minmax,7,0.1714
cuda,3,,image,monai,65.18,648.69,crop+affine+elastic+minmax,8,0.1528
cuda,3,,image,monai,65.18,653.99,crop+affine+elastic+minmax,9,0.193
cuda,3,,image,monai,65.18,662.38,crop+affine+elastic+minmax,10,0.1322
cuda,3,,image-labels,augmed,0.02,17141.57,crop+affine+elastic+minmax,1,0.9974
cuda,3,,image-labels,augmed,0.02,17141.57,crop+affine+elastic+minmax,2,0.9249
cuda,3,,image-labels,augmed,0.02,17141.57,crop+affine+elastic+minmax,3,1.0184
cuda,3,,image-labels,augmed,0.02,17141.57,crop+affine+elastic+minmax,4,1.0736
cuda,3,,image-labels,augmed,0.02,17141.57,crop+affine+elastic+minmax,5,1.1343
cuda,3,,image-labels,augmed,0.02,17141.57,crop+affine+elastic+minmax,6,0.9496
cuda,3,,image-labels,augmed,0.02,17141.57,crop+affine+elastic+minmax,7,1.0107
cuda,3,,image-labels,augmed,0.02,17141.57,crop+affine+elastic+minmax,8,0.9119
cuda,3,,image-labels,augmed,0.02,17141.57,crop+affine+elastic+minmax,9,0.9978
cuda,3,,image-labels,augmed,0.02,17141.57,crop+affine+elastic+minmax,10,0.8938
cuda,3,,image-labels,monai,65.2,914.05,crop+affine+elastic+minmax,1,0.1871
cuda,3,,image-labels,monai,65.2,914.05,crop+affine+elastic+minmax,2,0.1812
cuda,3,,image-labels,monai,65.2,914.05,crop+affine+elastic+minmax,3,0.1904
cuda,3,,image-labels,monai,65.2,914.05,crop+affine+elastic+minmax,4,0.2373
cuda,3,,image-labels,monai,65.2,914.05,crop+affine+elastic+minmax,5,0.1821
cuda,3,,image-labels,monai,65.2,914.05,crop+affine+elastic+minmax,6,0.1987
cuda,3,,image-labels,monai,65.2,914.05,crop+affine+elastic+minmax,7,0.209
cuda,3,,image-labels,monai,65.2,914.05,crop+affine+elastic+minmax,8,0.1988
cuda,3,,image-labels,monai,65.2,914.05,crop+affine+elastic+minmax,9,0.1929
cuda,3,,image-labels,monai,65.2,914.05,crop+affine+elastic+minmax,10,0.188
cuda,3,,image-labels-points,augmed,0.03,17141.57,crop+affine+elastic+minmax,1,1.1284
cuda,3,,image-labels-points,augmed,0.03,17141.57,crop+affine+elastic+minmax,2,1.5217
cuda,3,,image-labels-points,augmed,0.03,17141.57,crop+affine+elastic+minmax,3,1.0578
cuda,3,,image-labels-points,augmed,0.03,17141.57,crop+affine+elastic+minmax,4,0.9576
cuda,3,,image-labels-points,augmed,0.03,17141.57,crop+affine+elastic+minmax,5,1.5822
cuda,3,,image-labels-points,augmed,0.03,17141.57,crop+affine+elastic+minmax,6,0.9623
cuda,3,,image-labels-points,augmed,0.03,17141.57,crop+affine+elastic+minmax,7,1.0062
cuda,3,,image-labels-points,augmed,0.03,17141.57,crop+affine+elastic+minmax,8,0.9375
cuda,3,,image-labels-points,augmed,0.03,17141.57,crop+affine+elastic+minmax,9,1.0471
cuda,3,,image-labels-points,augmed,0.03,17141.57,crop+affine+elastic+minmax,10,0.9505
cuda,2,,image,torchio,1.73,0.0,crop+affine+minmax,1,0.0583
cuda,2,,image,torchio,1.73,0.0,crop+affine+minmax,2,0.0548
cuda,2,,image,torchio,1.73,0.0,crop+affine+minmax,3,0.0572
cuda,2,,image,torchio,1.73,0.0,crop+affine+minmax,4,0.0579
cuda,2,,image,torchio,1.73,0.0,crop+affine+minmax,5,0.0573
cuda,2,,image,torchio,1.73,0.0,crop+affine+minmax,6,0.0558
cuda,2,,image,torchio,1.73,0.0,crop+affine+minmax,7,0.0554
cuda,2,,image,torchio,1.73,0.0,crop+affine+minmax,8,0.0559
cuda,2,,image,torchio,1.73,0.0,crop+affine+minmax,9,0.0824
cuda,2,,image,torchio,1.73,0.0,crop+affine+minmax,10,0.1051
cuda,2,,image-labels,torchio,1.73,0.0,crop+affine+minmax,1,0.3419
cuda,2,,image-labels,torchio,1.73,0.0,crop+affine+minmax,2,0.2919
cuda,2,,image-labels,torchio,1.73,0.0,crop+affine+minmax,3,0.2896
cuda,2,,image-labels,torchio,1.73,0.0,crop+affine+minmax,4,0.4952
cuda,2,,image-labels,torchio,1.73,0.0,crop+affine+minmax,5,0.2759
cuda,2,,image-labels,torchio,1.73,0.0,crop+affine+minmax,6,0.5148
cuda,2,,image-labels,torchio,1.73,0.0,crop+affine+minmax,7,0.2261
cuda,2,,image-labels,torchio,1.73,0.0,crop+affine+minmax,8,0.2602
cuda,2,,image-labels,torchio,1.73,0.0,crop+affine+minmax,9,0.1297
cuda,2,,image-labels,torchio,1.73,0.0,crop+affine+minmax,10,0.116
cuda,2,,image,torchio,1.73,0.0,crop+affine+elastic+minmax,1,0.229
cuda,2,,image,torchio,1.73,0.0,crop+affine+elastic+minmax,2,0.1434
cuda,2,,image,torchio,1.73,0.0,crop+affine+elastic+minmax,3,0.2312
cuda,2,,image,torchio,1.73,0.0,crop+affine+elastic+minmax,4,0.164
cuda,2,,image,torchio,1.73,0.0,crop+affine+elastic+minmax,5,0.2532
cuda,2,,image,torchio,1.73,0.0,crop+affine+elastic+minmax,6,0.237
cuda,2,,image,torchio,1.73,0.0,crop+affine+elastic+minmax,7,0.1707
cuda,2,,image,torchio,1.73,0.0,crop+affine+elastic+minmax,8,0.2766
cuda,2,,image,torchio,1.73,0.0,crop+affine+elastic+minmax,9,0.3362
cuda,2,,image,torchio,1.73,0.0,crop+affine+elastic+minmax,10,0.3146
cuda,2,,image-labels,torchio,1.74,0.0,crop+affine+elastic+minmax,1,0.2206
cuda,2,,image-labels,torchio,1.74,0.0,crop+affine+elastic+minmax,2,0.25
cuda,2,,image-labels,torchio,1.74,0.0,crop+affine+elastic+minmax,3,0.5761
cuda,2,,image-labels,torchio,1.74,0.0,crop+affine+elastic+minmax,4,0.3469
cuda,2,,image-labels,torchio,1.74,0.0,crop+affine+elastic+minmax,5,0.2256
cuda,2,,image-labels,torchio,1.74,0.0,crop+affine+elastic+minmax,6,0.2354
cuda,2,,image-labels,torchio,1.74,0.0,crop+affine+elastic+minmax,7,0.2469
cuda,2,,image-labels,torchio,1.74,0.0,crop+affine+elastic+minmax,8,0.2472
cuda,2,,image-labels,torchio,1.74,0.0,crop+affine+elastic+minmax,9,0.2513
cuda,2,,image-labels,torchio,1.74,0.0,crop+affine+elastic+minmax,10,0.2313
cuda,3,,image,torchio,113.9,0.0,crop+affine+minmax,1,0.9593
cuda,3,,image,torchio,113.91,0.0,crop+affine+minmax,2,0.7305
cuda,3,,image,torchio,113.91,0.0,crop+affine+minmax,3,1.0203
cuda,3,,image,torchio,113.91,0.0,crop+affine+minmax,4,6.0495
cuda,3,,image,torchio,113.91,0.0,crop+affine+minmax,5,5.5737
cuda,3,,image,torchio,113.91,0.0,crop+affine+minmax,6,1.484
cuda,3,,image,torchio,113.91,0.0,crop+affine+minmax,7,0.6809
cuda,3,,image,torchio,113.91,0.0,crop+affine+minmax,8,0.6817
cuda,3,,image,torchio,113.91,0.0,crop+affine+minmax,9,0.6952
cuda,3,,image,torchio,113.91,0.0,crop+affine+minmax,10,0.8224
cuda,3,,image-labels,torchio,512.49,0.0,crop+affine+minmax,1,6.4867
cuda,3,,image-labels,torchio,512.49,0.0,crop+affine+minmax,2,9.1024
cuda,3,,image-labels,torchio,512.49,0.0,crop+affine+minmax,3,7.0492
cuda,3,,image-labels,torchio,512.49,0.0,crop+affine+minmax,4,7.15
cuda,3,,image-labels,torchio,512.49,0.0,crop+affine+minmax,5,10.528
cuda,3,,image-labels,torchio,512.49,0.0,crop+affine+minmax,6,7.9588
cuda,3,,image-labels,torchio,512.49,0.0,crop+affine+minmax,7,8.272
cuda,3,,image-labels,torchio,512.49,0.0,crop+affine+minmax,8,9.2255
cuda,3,,image-labels,torchio,512.49,0.0,crop+affine+minmax,9,7.7389
cuda,3,,image-labels,torchio,512.49,0.0,crop+affine+minmax,10,6.1793
cuda,3,,image,torchio,113.91,0.0,crop+affine+elastic+minmax,1,3.8426
cuda,3,,image,torchio,113.92,0.0,crop+affine+elastic+minmax,2,4.0216
cuda,3,,image,torchio,113.92,0.0,crop+affine+elastic+minmax,3,3.3649
cuda,3,,image,torchio,113.92,0.0,crop+affine+elastic+minmax,4,2.3684
cuda,3,,image,torchio,113.92,0.0,crop+affine+elastic+minmax,5,2.5299
cuda,3,,image,torchio,113.92,0.0,crop+affine+elastic+minmax,6,3.7462
cuda,3,,image,torchio,113.92,0.0,crop+affine+elastic+minmax,7,3.9861
cuda,3,,image,torchio,113.92,0.0,crop+affine+elastic+minmax,8,3.1561
cuda,3,,image,torchio,113.92,0.0,crop+affine+elastic+minmax,9,2.3403
cuda,3,,image,torchio,113.92,0.0,crop+affine+elastic+minmax,10,3.4405
cuda,3,,image-labels,torchio,512.51,0.0,crop+affine+elastic+minmax,1,31.0091
cuda,3,,image-labels,torchio,512.51,0.0,crop+affine+elastic+minmax,2,25.1637
cuda,3,,image-labels,torchio,512.51,0.0,crop+affine+elastic+minmax,3,27.0572
cuda,3,,image-labels,torchio,512.51,0.0,crop+affine+elastic+minmax,4,22.4916
cuda,3,,image-labels,torchio,512.51,0.0,crop+affine+elastic+minmax,5,21.2891
cuda,3,,image-labels,torchio,512.51,0.0,crop+affine+elastic+minmax,6,21.0285
cuda,3,,image-labels,torchio,512.51,0.0,crop+affine+elastic+minmax,7,20.9511
cuda,3,,image-labels,torchio,512.51,0.0,crop+affine+elastic+minmax,8,21.3099
cuda,3,,image-labels,torchio,512.51,0.0,crop+affine+elastic+minmax,9,21.0185
cuda,3,,image-labels,torchio,512.51,0.0,crop+affine+elastic+minmax,10,21.8137
